<?xml version="1.0" encoding="UTF-8" standalone="no"?>
<theme>
<version><![CDATA[1]]></version>
<uiVersion>10</uiVersion>
<author><![CDATA[Ritik Sharma]]></author>
<designer><![CDATA[Ritik Sharma]]></designer>
<title><![CDATA[One UI Pro]]></title>
<description><![CDATA[If you like my work then you can donate me 😊
Gpay : hritiks390@okicici

Bug Report : http://t.me/TheCrazyRitik
Theme Previews : http://t.me/MiThemesOfficial]]></description>
<authors>
<author locale="en_US"><![CDATA[Ritik Sharma]]></author>
<author locale="zh_CN"><![CDATA[Ritik Sharma]]></author>
</authors>
<designers>
<designer locale="en_US"><![CDATA[Ritik Sharma]]></designer>
<designer locale="zh_CN"><![CDATA[Ritik Sharma]]></designer>
</designers>
<titles>
<title locale="en_US"><![CDATA[One UI Pro]]></title>
<title locale="zh_CN"><![CDATA[One UI Pro]]></title>
</titles>
<descriptions>
<description locale="en_US"><![CDATA[If you like my work then you can donate me 😊
Gpay : hritiks390@okicici

Bug Report : http://t.me/TheCrazyRitik
Theme Previews : http://t.me/MiThemesOfficial]]></description>
<description locale="zh_CN"><![CDATA[If you like my work then you can donate me 😊
Gpay : hritiks390@okicici

Bug Report : http://t.me/TheCrazyRitik
Theme Previews : http://t.me/MiThemesOfficial]]></description>
</descriptions>
<miuiAdapterVersion>2.0</miuiAdapterVersion>
</theme>
